codigo,nombre
2001,alberto
2002,brenda
2003,carmen
2004,diego
2005,elisa
2006,felipe
2007,gloria
2008,hector
2009,irene
2010,julio
2011,karla
2012,leonardo
2013,monica
2014,nestor
2015,olga
2016,pablo
2017,quiroz
2018,rosa
2019,samuel
2020,teresa
2021,ulises
2022,vanessa
2023,walter
2024,ximena
2025,yolanda
2026,zanetti
2027,adrian
2028,beatriz
2029,cesar
2030,diana
2031,eduardo
2032,flor
2033,gerardo
2034,helena
2035,ismael
2036,jazmin
2037,kevin
2038,lucia
2039,marco
2040,nadia
2041,osvaldo
2042,paulina
2043,ramiro
2044,silvia
2045,tomas
2046,ursula
2047,veronica
2048,wilson
2049,xavier
2050,yahir
2051,zoila
2052,andrea
2053,boris
2054,cristina
2055,daniel
2056,esteban
2057,fabiana
2058,gonzalo
2059,horacio
2060,ines
2061,javier
2062,karen
2063,luisana
2064,martin
2065,nicole
2066,octavio
2067,patricio
2068,renata
2069,sergio
2070,teodoro
2071,ulrica
2072,valentin
2073,wendy
2074,xochitl
2075,yessenia
2076,zulema
2077,antonio
2078,bianca
2079,claudio
2080,delia
2081,ernesto
2082,fernanda
2083,guillermo
2084,herminia
2085,ivan
2086,joel
2087,kurt
2088,lorena
2089,manuel
2090,noelia
2091,omar
2092,priscila
2093,raul
2094,sandra
2095,tatiana
2096,ulisesa
2097,veron
2098,william
2099,xena
2100,yuri
2101,zoraida
2102,aldo
2103,belinda
2104,carlosh
2105,doris
2106,emilio
2107,fabiola
2108,gaspar
2109,hugo
2110,irma
2111,jorgec
2112,karina
2113,leandro
2114,mireya
2115,norberto
2116,oliver
2117,paola
2118,rocio
2119,santiago
2120,tania
2121,ulmar
2122,valeriah
2123,wilmer
2124,xilo
2125,yadira
2126,zamora
2127,armando
2128,bruno
2129,cintia
2130,dario
2131,edgar
2132,franco
2133,graciela
2134,henry
2135,isidora
2136,jhon
2137,kelly
2138,lilian
2139,mauro
2140,nancy
2141,orlando
2142,pamela
2143,roberto
2144,susana
2145,teo
2146,ulloa
2147,vania
2148,waldo
2149,xaviera
2150,yerson
2151,zelda
2152,alex
2153,belen
2154,cruz
2155,delfina
2156,erick
2157,fiorella
2158,gabriel
2159,hilario
2160,isaac
2161,jesus
2162,katherine
2163,lucho
2164,milagros
2165,natalio
2166,oriana
2167,piero
2168,renzo
2169,silvano
2170,tulio
2171,ulrich
2172,virginia
2173,washington
2174,xenaida
2175,yolbert
2176,zenon
2177,anibal
2178,brigitte
2179,cecilia
2180,david
2181,efrain
2182,flavio
2183,gilda
2184,herbert
2185,ivonne
2186,josefina
2187,keila
2188,lucrecia
2189,misael
2190,nayeli
2191,oscar
2192,perla
2193,rodrigo
2194,sheila
2195,tobias
2196,ulisesb
2197,vero
2198,wenceslao
2199,xiomara
2200,yamila